{
  "name": "specific-scene-songs",
  "title": "Specific Scene Songs",
  "description": "Allows for choosing specific songs for scenes instead of entire playlists",
  "author": "j-mcneil",
  "version": "0.0.1",
  "minimumCoreVersion": "0.7.9",
  "compatibleCoreVersion": "0.7.9",
  "esmodules": [
    "specific-scene-songs.js"
  ],
  "languages": [
    {
      "lang": "en",
      "name": "English",
      "path": "lang/en.json"
    }
  ],
  "url": "https://github.com/j-mcneil/fvtt-module-specific-scene-songs",
  "manifest": "https://github.com/j-mcneil/fvtt-module-specific-scene-songs/raw/master/package/module001.json",
  "download": "https://github.com/j-mcneil/fvtt-module-specific-scene-songs/raw/master/package/specific-scene-songs-v0.0.1.zip",
  "bugs": "https://github.com/j-mcneil/fvtt-module-specific-scene-songs/issues"
}